date,user,type,ioc,tags,context
2026-07-31,threatfox,URL,https://qyvbm.fun/api/command,"unknown, url",n/a
2026-07-31,threatfox,URL,https://asterismchisel.top/user/acl-dom,"js.smartapesg, url",n/a
2026-07-31,threatfox,URL,https://asterismchisel.top/user/version-deploy.js,"js.smartapesg, url",n/a
2026-07-31,threatfox,URL,https://pawsockenjoyer.site/api/hwid,"unknown_stealer, url",n/a
2026-07-31,threatfox,URL,https://pawsockenjoyer.site/v1/stats,"unknown_stealer, url",n/a
2026-07-31,threatfox,URL,https://pawsockenjoyer.site/v1/webhook,"unknown_stealer, url",n/a
2026-07-31,threatfox,URL,https://pawsockenjoyer.site/v1/poll,"unknown_stealer, url",n/a
2026-07-31,threatfox,URL,http://39.81.179.181:41855/Mozi.m,"elf.mozi, url",n/a
2026-07-31,threatfox,URL,http://123.14.253.47:58492/Mozi.m,"elf.mozi, url",n/a
2026-07-31,threatfox,URL,http://144.48.135.109:49866/Mozi.m,"elf.mozi, url",n/a
2026-07-31,threatfox,URL,http://103.26.82.237:43196/Mozi.m,"elf.mozi, url",n/a
2026-07-31,threatfox,URL,http://163.223.136.58:54559/Mozi.m,"elf.mozi, url",n/a
2026-07-31,threatfox,URL,https://dbm.akasia988.net/,"win.vidar, url",n/a
2026-07-31,threatfox,URL,https://vog.akasia988.net/,"win.vidar, url",n/a
2026-07-31,threatfox,URL,http://124.29.214.162:51383/Mozi.m,"elf.mozi, url",n/a
2026-07-31,threatfox,URL,http://179.49.213.85:54579/Mozi.m,"elf.mozi, url",n/a
2026-07-31,threatfox,URL,http://72.255.32.51:57334/Mozi.m,"elf.mozi, url",n/a
2026-07-31,threatfox,URL,https://joemartinwords.com/,"win.vidar, url",n/a
2026-07-31,threatfox,URL,https://bestpackers.org/,"win.vidar, url",n/a
2026-07-31,threatfox,URL,https://yshaastro.in/,"win.vidar, url",n/a
2026-08-01,threatfox,URL,http://onesdto.shop:2535,"win.remus, url",n/a
2026-08-01,threatfox,URL,http://azurhay.shop:8539,"win.remus, url",n/a
2026-08-01,threatfox,URL,http://slyfogx.shop:5776,"win.remus, url",n/a
2026-08-01,threatfox,URL,http://sahalexchange.com:9504,"win.remus, url",n/a
2026-08-01,threatfox,URL,http://72.255.59.114:49386/Mozi.m,"elf.mozi, url",n/a
2026-08-01,threatfox,URL,http://kinderplow.com:5782,"win.remus, url",n/a
2026-08-01,threatfox,URL,http://staxta.click:5627,"win.remus, url",n/a
2026-07-31,threatfox,DOMAIN,elsfpng.classicpontiac.org,"js.clearfake, domain",n/a
2026-07-31,threatfox,DOMAIN,classicpontiac.org,"js.clearfake, domain",n/a
2026-07-31,threatfox,DOMAIN,bxzpts.aurinebeverly.com,"js.clearfake, domain",n/a
2026-07-31,threatfox,DOMAIN,qyvbm.fun,"unknown, domain",n/a
2026-07-31,threatfox,DOMAIN,pawsockenjoyer.site,"unknown_stealer, domain",n/a
2026-07-31,threatfox,DOMAIN,asterismchisel.top,"js.smartapesg, domain",n/a
2026-07-31,threatfox,DOMAIN,videogeo.ru,"js.clearfake, domain",n/a
2026-07-31,threatfox,DOMAIN,aurinebeverly.com,"js.clearfake, domain",n/a
2026-07-31,threatfox,DOMAIN,bahcesehirsecme.com,"js.clearfake, domain",n/a
2026-07-31,threatfox,DOMAIN,71ovhjko.cocoricobeachbar.com,"js.clearfake, domain",n/a
2026-07-31,threatfox,DOMAIN,cocoricobeachbar.com,"js.clearfake, domain",n/a
2026-07-31,threatfox,DOMAIN,huiqbzp.clawandpurr.com,"js.clearfake, domain",n/a
2026-07-31,threatfox,DOMAIN,clawandpurr.com,"js.clearfake, domain",n/a
2026-07-31,threatfox,DOMAIN,iqimux.authentickuts.com,"js.clearfake, domain",n/a
2026-07-31,threatfox,DOMAIN,authentickuts.com,"js.clearfake, domain",n/a
2026-07-31,threatfox,DOMAIN,xoiowm.eauviveinasia.com,"js.clearfake, domain",n/a
2026-07-31,threatfox,DOMAIN,qtifqme.emotion-kayak.com,"js.clearfake, domain",n/a
2026-07-31,threatfox,DOMAIN,eauviveinasia.com,"js.clearfake, domain",n/a
2026-07-31,threatfox,DOMAIN,emotion-kayak.com,"js.clearfake, domain",n/a
2026-07-31,threatfox,DOMAIN,abrychz.emeraldyachtship.com,"js.clearfake, domain",n/a
2026-07-31,threatfox,DOMAIN,rdwebpentesting.info,"unknown, domain",n/a
2026-07-31,threatfox,DOMAIN,lghduo.bartinyatirim.com,"js.clearfake, domain",n/a
2026-07-31,threatfox,DOMAIN,smtulna.emeraldyachtship.com,"js.clearfake, domain",n/a
2026-07-31,threatfox,DOMAIN,emeraldyachtship.com,"js.clearfake, domain",n/a
2026-07-31,threatfox,DOMAIN,bartinyatirim.com,"js.clearfake, domain",n/a
2026-07-31,threatfox,DOMAIN,qyfbzxh.emeenakshi.org,"js.clearfake, domain",n/a
2026-07-31,threatfox,DOMAIN,emeenakshi.org,"js.clearfake, domain",n/a
2026-07-31,threatfox,DOMAIN,palfxxt.encompassrealestateschool.com,"js.clearfake, domain",n/a
2026-07-31,threatfox,DOMAIN,encompassrealestateschool.com,"js.clearfake, domain",n/a
2026-07-31,threatfox,DOMAIN,akhkdv.ecopro-edu.com,"js.clearfake, domain",n/a
2026-07-31,threatfox,DOMAIN,jov1rwpq.advanceddrivelines.com,"js.clearfake, domain",n/a
2026-07-31,threatfox,DOMAIN,uomcxv2i.ecryptobits.com,"js.clearfake, domain",n/a
2026-07-31,threatfox,DOMAIN,registry.lighttexture18.one,"win.revstealer, domain",n/a
2026-07-31,threatfox,DOMAIN,uyvjohl.empoweredwellnessteam.com,"js.clearfake, domain",n/a
2026-07-31,threatfox,DOMAIN,dbm.akasia988.net,"win.vidar, domain",n/a
2026-07-31,threatfox,DOMAIN,empoweredwellnessteam.com,"js.clearfake, domain",n/a
2026-07-31,threatfox,DOMAIN,vbsjxw.eclipsechasers.net,"js.clearfake, domain",n/a
2026-07-31,threatfox,DOMAIN,eclipsechasers.net,"js.clearfake, domain",n/a
2026-07-31,threatfox,DOMAIN,rechapman.duckdns.org,"js.clearfake, domain",n/a
2026-07-31,threatfox,DOMAIN,0wlzavu1.rsfoodproducts.com,"js.clearfake, domain",n/a
2026-07-31,threatfox,DOMAIN,riaifhk.entrepot-demarque.com,"js.clearfake, domain",n/a
2026-07-31,threatfox,DOMAIN,entrepot-demarque.com,"js.clearfake, domain",n/a
2026-07-31,threatfox,DOMAIN,mznbhd.edinacomfortcare.com,"js.clearfake, domain",n/a
2026-07-31,threatfox,DOMAIN,edinacomfortcare.com,"js.clearfake, domain",n/a
2026-07-31,threatfox,DOMAIN,scheduler2.travel-scope.lol,"win.revstealer, domain",n/a
2026-07-31,threatfox,DOMAIN,f4bdzv4n.jadoou.lat,"js.clearfake, domain",n/a
2026-07-31,threatfox,DOMAIN,uwtcmjgsyfwsurgulz.rentechglobalsolutions.com,"js.clearfake, domain",n/a
2026-07-31,threatfox,DOMAIN,gqslnzd.epgdevelopment.com,"js.clearfake, domain",n/a
2026-07-31,threatfox,DOMAIN,epgdevelopment.com,"js.clearfake, domain",n/a
2026-07-31,threatfox,DOMAIN,xiseus.egracefashionandbraiding.com,"js.clearfake, domain",n/a
2026-07-31,threatfox,DOMAIN,egracefashionandbraiding.com,"js.clearfake, domain",n/a
2026-07-31,threatfox,DOMAIN,evellboutique.com,"js.clearfake, domain",n/a
2026-07-31,threatfox,DOMAIN,komkbc.ellenscleaningservice.com,"js.clearfake, domain",n/a
2026-07-31,threatfox,DOMAIN,ellenscleaningservice.com,"js.clearfake, domain",n/a
2026-07-31,threatfox,DOMAIN,wojgufx.erdekhaber.com,"js.clearfake, domain",n/a
2026-07-31,threatfox,DOMAIN,erdekhaber.com,"js.clearfake, domain",n/a
2026-07-31,threatfox,DOMAIN,vog.akasia988.net,"win.vidar, domain",n/a
2026-07-31,threatfox,DOMAIN,oxkvzq.elcornerderaulmorote.com,"js.clearfake, domain",n/a
2026-07-31,threatfox,DOMAIN,obparso.eventmanagementindia.com,"js.clearfake, domain",n/a
2026-07-31,threatfox,DOMAIN,eventmanagementindia.com,"js.clearfake, domain",n/a
2026-07-31,threatfox,DOMAIN,eyieoz.ellynailsspaarden.com,"js.clearfake, domain",n/a
2026-07-31,threatfox,DOMAIN,ellynailsspaarden.com,"js.clearfake, domain",n/a
2026-07-31,threatfox,DOMAIN,0ijrzsc4.liberty--token.com,"js.clearfake, domain",n/a
2026-07-31,threatfox,DOMAIN,stczzen.evellboutique.com,"js.clearfake, domain",n/a
2026-07-31,threatfox,DOMAIN,arxjmuy.crownconnectpk.com,"js.clearfake, domain",n/a
2026-07-31,threatfox,DOMAIN,ekvozx.elpatronrestaurantbar.com,"js.clearfake, domain",n/a
2026-07-31,threatfox,DOMAIN,elpatronrestaurantbar.com,"js.clearfake, domain",n/a
2026-07-31,threatfox,DOMAIN,dosahousehealthy.com,"js.clearfake, domain",n/a
2026-07-31,threatfox,DOMAIN,ifbjtm.entrepot-demarque.com,"js.clearfake, domain",n/a
2026-07-31,threatfox,DOMAIN,62am4zti.rugsofus.com,"js.clearfake, domain",n/a
2026-07-31,threatfox,DOMAIN,pbzqq2v4.tashabeautystore.com,"js.clearfake, domain",n/a
2026-07-31,threatfox,DOMAIN,nvsybmf.ecryptobits.com,"js.clearfake, domain",n/a
2026-07-31,threatfox,DOMAIN,qwnvfv.elcornerderaulmorote.com,"js.clearfake, domain",n/a
2026-07-31,threatfox,DOMAIN,fkgynbq.federationofpbos.org,"js.clearfake, domain",n/a
2026-07-31,threatfox,DOMAIN,lmdztf.erdekhaber.com,"js.clearfake, domain",n/a
2026-07-31,threatfox,DOMAIN,qghchil.edinacomfortcare.com,"js.clearfake, domain",n/a
2026-07-31,threatfox,DOMAIN,lnme6i80.tumarketexpress.com,"js.clearfake, domain",n/a
2026-07-31,threatfox,DOMAIN,ahoyiis.fencescapeinc.com,"js.clearfake, domain",n/a
2026-07-31,threatfox,DOMAIN,fencescapeinc.com,"js.clearfake, domain",n/a
2026-07-31,threatfox,DOMAIN,anisxx.flyingtogether-ual.net,"js.clearfake, domain",n/a
2026-07-31,threatfox,DOMAIN,flyingtogether-ual.net,"js.clearfake, domain",n/a
2026-07-31,threatfox,DOMAIN,forbiddenpantsshop.com,"js.clearfake, domain",n/a
2026-07-31,threatfox,DOMAIN,ccxcdrm.ferkrueda.com,"js.clearfake, domain",n/a
2026-07-31,threatfox,DOMAIN,ferkrueda.com,"js.clearfake, domain",n/a
2026-07-31,threatfox,DOMAIN,ldistf.foodpapajobs.com,"js.clearfake, domain",n/a
2026-08-01,threatfox,DOMAIN,72mv6y0m.twinglassca.com,"js.clearfake, domain",n/a
2026-08-01,threatfox,DOMAIN,ycazjth.fishersace.com,"js.clearfake, domain",n/a
2026-08-01,threatfox,DOMAIN,fishersace.com,"js.clearfake, domain",n/a
2026-08-01,threatfox,DOMAIN,cpnisnik.bearriverchiropractic.com,"js.clearfake, domain",n/a
2026-08-01,threatfox,DOMAIN,mfnipe.fotrclinic.com,"js.clearfake, domain",n/a
2026-08-01,threatfox,DOMAIN,fotrclinic.com,"js.clearfake, domain",n/a
2026-08-01,threatfox,DOMAIN,gpfbmfo.finkfamilyautomotive.com,"js.clearfake, domain",n/a
2026-08-01,threatfox,DOMAIN,asbhxx.forbiddenpantsshop.com,"js.clearfake, domain",n/a
2026-08-01,threatfox,DOMAIN,9mqzhu71.sainidigirocket.com,"js.clearfake, domain",n/a
2026-08-01,threatfox,DOMAIN,xfpjksx.fitfirst.net,"js.clearfake, domain",n/a
2026-08-01,threatfox,DOMAIN,fitfirst.net,"js.clearfake, domain",n/a
2026-08-01,threatfox,DOMAIN,zpvedf.franklintowing.net,"js.clearfake, domain",n/a
2026-08-01,threatfox,DOMAIN,franklintowing.net,"js.clearfake, domain",n/a
2026-08-01,threatfox,DOMAIN,friendsofdormontlibrary.net,"js.clearfake, domain",n/a
2026-08-01,threatfox,DOMAIN,l1twkhat.valleychimneyrepair.com,"js.clearfake, domain",n/a
2026-08-01,threatfox,DOMAIN,jldrbcv.fitprotracker-campaign.com,"js.clearfake, domain",n/a
2026-08-01,threatfox,DOMAIN,zgzyob.freemanframeca.com,"js.clearfake, domain",n/a
2026-08-01,threatfox,DOMAIN,freemanframeca.com,"js.clearfake, domain",n/a
2026-08-01,threatfox,DOMAIN,eloakoa.crownconnectpk.com,"js.clearfake, domain",n/a
2026-08-01,threatfox,DOMAIN,pjeobx.jadoou.lat,"js.clearfake, domain",n/a
2026-08-01,threatfox,DOMAIN,oofnjcu.floatservicesnw.com,"js.clearfake, domain",n/a
2026-08-01,threatfox,DOMAIN,floatservicesnw.com,"js.clearfake, domain",n/a
2026-08-01,threatfox,DOMAIN,mgluob.friendsofdormontlibrary.net,"js.clearfake, domain",n/a
2026-08-01,threatfox,DOMAIN,lvvbnf3q.angelnailsphenix.com,"js.clearfake, domain",n/a
2026-08-01,threatfox,DOMAIN,plxxxru.elpatronrestaurantbar.com,"js.clearfake, domain",n/a
2026-08-01,threatfox,DOMAIN,cnatia.lebertytoken.com,"js.clearfake, domain",n/a
2026-08-01,threatfox,DOMAIN,dgmnroa.elpatronrestaurantbar.com,"js.clearfake, domain",n/a
2026-08-01,threatfox,DOMAIN,ekjnnh.lebertytoken.com,"js.clearfake, domain",n/a
2026-08-01,threatfox,DOMAIN,mmuq9r9o.liberty--token.com,"js.clearfake, domain",n/a
2026-08-01,threatfox,DOMAIN,rvgitkx.eventmanagementindia.com,"js.clearfake, domain",n/a
2026-08-01,threatfox,DOMAIN,ydlyns.libartytoken.com,"js.clearfake, domain",n/a
2026-08-01,threatfox,DOMAIN,gmsjsk15.salpizzasewell.com,"js.clearfake, domain",n/a
2026-08-01,threatfox,DOMAIN,ks52m3wi.apmlandscaping.com,"js.clearfake, domain",n/a
2026-08-01,threatfox,DOMAIN,zxumfw.rsfoodproducts.com,"js.clearfake, domain",n/a
2026-08-01,threatfox,DOMAIN,vszptzu.elcornerderaulmorote.com,"js.clearfake, domain",n/a
2026-08-01,threatfox,DOMAIN,coronapd.org,"js.clearfake, domain",n/a
2026-08-01,threatfox,DOMAIN,mppxtrz.fencescapeinc.com,"js.clearfake, domain",n/a
2026-08-01,threatfox,DOMAIN,ykiwcg.german-uboats.com,"js.clearfake, domain",n/a
2026-08-01,threatfox,DOMAIN,german-uboats.com,"js.clearfake, domain",n/a
2026-08-01,threatfox,DOMAIN,genevievesasseville.com,"js.clearfake, domain",n/a
2026-08-01,threatfox,DOMAIN,nvftww.tashabeautystore.com,"js.clearfake, domain",n/a
2026-08-01,threatfox,DOMAIN,dqktojj.federationofpbos.org,"js.clearfake, domain",n/a
2026-08-01,threatfox,DOMAIN,jouwonderhoud.be,"js.iclickfix, domain",n/a
2026-08-01,threatfox,DOMAIN,www.cevrev.com,"js.iclickfix, domain",n/a
2026-08-01,threatfox,DOMAIN,www.cobelediciones.com,"js.iclickfix, domain",n/a
2026-08-01,threatfox,DOMAIN,www.consultaway.com,"js.iclickfix, domain",n/a
2026-08-01,threatfox,DOMAIN,www.passiontennis.be,"js.iclickfix, domain",n/a
2026-08-01,threatfox,DOMAIN,www.pepgateway.com.au,"js.iclickfix, domain",n/a
2026-08-01,threatfox,DOMAIN,www.seachangesummerparty.org,"js.iclickfix, domain",n/a
2026-08-01,threatfox,DOMAIN,frontlineaids.org,"js.iclickfix, domain",n/a
2026-08-01,threatfox,DOMAIN,glitz.beautyinsider.my,"js.iclickfix, domain",n/a
2026-08-01,threatfox,DOMAIN,hobsonville.werun.nz,"js.iclickfix, domain",n/a
2026-08-01,threatfox,DOMAIN,ilovepadel.eu,"js.iclickfix, domain",n/a
2026-08-01,threatfox,DOMAIN,ktkdqt.ftu.edu.vn,"js.iclickfix, domain",n/a
2026-08-01,threatfox,DOMAIN,kulturlandleben.at,"js.iclickfix, domain",n/a
2026-08-01,threatfox,DOMAIN,lionsz.de,"js.iclickfix, domain",n/a
2026-08-01,threatfox,DOMAIN,luattrungtin.com,"js.iclickfix, domain",n/a
2026-08-01,threatfox,DOMAIN,moldearq.com.ar,"js.iclickfix, domain",n/a
2026-08-01,threatfox,DOMAIN,moveestimator.ca,"js.iclickfix, domain",n/a
2026-08-01,threatfox,DOMAIN,noladeadspace.com,"js.iclickfix, domain",n/a
2026-08-01,threatfox,DOMAIN,ogweb.fr,"js.iclickfix, domain",n/a
2026-08-01,threatfox,DOMAIN,premieimoveis.com,"js.iclickfix, domain",n/a
2026-08-01,threatfox,DOMAIN,propmech.com,"js.iclickfix, domain",n/a
2026-08-01,threatfox,DOMAIN,role.com.tw,"js.iclickfix, domain",n/a
2026-08-01,threatfox,DOMAIN,shropshirescalemodellers.uk,"js.iclickfix, domain",n/a
2026-08-01,threatfox,DOMAIN,sport-freak.de,"js.iclickfix, domain",n/a
2026-08-01,threatfox,DOMAIN,stadtsys.com,"js.iclickfix, domain",n/a
2026-08-01,threatfox,DOMAIN,starseedschangingtheworld.com,"js.iclickfix, domain",n/a
2026-08-01,threatfox,DOMAIN,websites24.co.uk,"js.iclickfix, domain",n/a
2026-08-01,threatfox,DOMAIN,www.audreyguyonphotographe.fr,"js.iclickfix, domain",n/a
2026-08-01,threatfox,DOMAIN,www.bonsaibasics.com,"js.iclickfix, domain",n/a
2026-08-01,threatfox,DOMAIN,www.cateringbykellys.com,"js.iclickfix, domain",n/a
2026-08-01,threatfox,DOMAIN,andariega.me,"js.iclickfix, domain",n/a
2026-08-01,threatfox,DOMAIN,apbtship.ch,"js.iclickfix, domain",n/a
2026-08-01,threatfox,DOMAIN,brand-hand.ru,"js.iclickfix, domain",n/a
2026-08-01,threatfox,DOMAIN,corecontent.no,"js.iclickfix, domain",n/a
2026-08-01,threatfox,DOMAIN,diezdedos.eu,"js.iclickfix, domain",n/a
2026-08-01,threatfox,DOMAIN,dragonapartments.wales,"js.iclickfix, domain",n/a
2026-08-01,threatfox,DOMAIN,eddan.is,"js.iclickfix, domain",n/a
2026-08-01,threatfox,DOMAIN,fbcbentonville.org,"js.iclickfix, domain",n/a
2026-08-01,threatfox,DOMAIN,junnun.com,"js.iclickfix, domain",n/a
2026-08-01,threatfox,DOMAIN,wacadvisors.com,"js.iclickfix, domain",n/a
2026-08-01,threatfox,DOMAIN,makcubes.com,"js.iclickfix, domain",n/a
2026-08-01,threatfox,DOMAIN,marblelineinc.com,"js.iclickfix, domain",n/a
2026-08-01,threatfox,DOMAIN,masap.fr,"js.iclickfix, domain",n/a
2026-08-01,threatfox,DOMAIN,mavericklabs.io,"js.iclickfix, domain",n/a
2026-08-01,threatfox,DOMAIN,maximumsecurityinc.net,"js.iclickfix, domain",n/a
2026-08-01,threatfox,DOMAIN,meldsys.co.uk,"js.iclickfix, domain",n/a
2026-08-01,threatfox,DOMAIN,muscleandmotion.com,"js.iclickfix, domain",n/a
2026-08-01,threatfox,DOMAIN,myfinanzplaner.de,"js.iclickfix, domain",n/a
2026-08-01,threatfox,DOMAIN,narcopoliticos.com,"js.iclickfix, domain",n/a
2026-08-01,threatfox,DOMAIN,nomisfulstore.com,"js.iclickfix, domain",n/a
2026-08-01,threatfox,DOMAIN,oceanduskgroup.com,"js.iclickfix, domain",n/a
2026-08-01,threatfox,DOMAIN,oth.nl,"js.iclickfix, domain",n/a
2026-08-01,threatfox,DOMAIN,russocentroodontoiatrico.it,"js.iclickfix, domain",n/a
2026-08-01,threatfox,DOMAIN,silentium.com,"js.iclickfix, domain",n/a
2026-08-01,threatfox,DOMAIN,studywiseinternational.com,"js.iclickfix, domain",n/a
2026-08-01,threatfox,DOMAIN,beachbooking.app,"js.iclickfix, domain",n/a
2026-08-01,threatfox,DOMAIN,biokinetics3d.com,"js.iclickfix, domain",n/a
2026-08-01,threatfox,DOMAIN,corte.media,"js.iclickfix, domain",n/a
2026-08-01,threatfox,DOMAIN,eachandeverymoment.com,"js.iclickfix, domain",n/a
2026-08-01,threatfox,DOMAIN,eliteacademyleague.com,"js.iclickfix, domain",n/a
2026-08-01,threatfox,DOMAIN,entbd.org,"js.iclickfix, domain",n/a
2026-08-01,threatfox,DOMAIN,ferniesar.ca,"js.iclickfix, domain",n/a
2026-08-01,threatfox,DOMAIN,fmp.com.do,"js.iclickfix, domain",n/a
2026-08-01,threatfox,DOMAIN,grcgroup.co.uk,"js.iclickfix, domain",n/a
2026-08-01,threatfox,DOMAIN,hewinghaus.com,"js.iclickfix, domain",n/a
2026-08-01,threatfox,DOMAIN,hotelczarnaroza.pl,"js.iclickfix, domain",n/a
2026-08-01,threatfox,DOMAIN,intermeat2.com,"js.iclickfix, domain",n/a
2026-08-01,threatfox,DOMAIN,juliafranken.com,"js.iclickfix, domain",n/a
2026-08-01,threatfox,DOMAIN,lacopts.org,"js.iclickfix, domain",n/a
2026-08-01,threatfox,DOMAIN,maartendevoldere.be,"js.iclickfix, domain",n/a
2026-08-01,threatfox,DOMAIN,alejandromantilla.co,"js.iclickfix, domain",n/a
2026-08-01,threatfox,DOMAIN,amergiseducation.com,"js.iclickfix, domain",n/a
2026-08-01,threatfox,DOMAIN,atsal.com,"js.iclickfix, domain",n/a
2026-08-01,threatfox,DOMAIN,avenidalegal.com,"js.iclickfix, domain",n/a
2026-08-01,threatfox,DOMAIN,balmoria.com,"js.iclickfix, domain",n/a
2026-08-01,threatfox,DOMAIN,baylakecottages.com,"js.iclickfix, domain",n/a
2026-08-01,threatfox,DOMAIN,enter-press-cdn.info,"unknown_loader, domain",n/a
2026-08-01,threatfox,DOMAIN,ee0xfh5z.certifiedairbalanceinlosangelesca.com,"js.clearfake, domain",n/a
2026-08-01,threatfox,DOMAIN,ojbsqt.german-uboats.com,"js.clearfake, domain",n/a
2026-08-01,threatfox,DOMAIN,xxhxsl.german-uboats.com,"js.clearfake, domain",n/a
2026-08-01,threatfox,DOMAIN,iftuxuh.fencescapeinc.com,"js.clearfake, domain",n/a
2026-08-01,threatfox,DOMAIN,nnudyll.gilfordvillagenurseryschool.com,"js.clearfake, domain",n/a
2026-08-01,threatfox,DOMAIN,xwmuyy.getpumpedli.org,"js.clearfake, domain",n/a
2026-08-01,threatfox,DOMAIN,getpumpedli.org,"js.clearfake, domain",n/a
2026-08-01,threatfox,DOMAIN,uxqlomf.ghpprofessionalpaintingllc.com,"js.clearfake, domain",n/a
2026-08-01,threatfox,DOMAIN,ghpprofessionalpaintingllc.com,"js.clearfake, domain",n/a
2026-08-01,threatfox,DOMAIN,jnsp5pfi.fishersace.com,"js.clearfake, domain",n/a
2026-08-01,threatfox,DOMAIN,3ezvsan5.ferkrueda.com,"js.clearfake, domain",n/a
2026-08-01,threatfox,DOMAIN,ewlrqd.gnarcoticexoticz.com,"js.clearfake, domain",n/a
2026-08-01,threatfox,DOMAIN,registry.evercircle.click,"win.revstealer, domain",n/a
2026-08-01,threatfox,DOMAIN,brzygpu.glennscarcare.com,"js.clearfake, domain",n/a
2026-08-01,threatfox,DOMAIN,glennscarcare.com,"js.clearfake, domain",n/a
2026-08-01,threatfox,DOMAIN,mon-banana-06.cfd,"js.clearfake, domain",n/a
2026-08-01,threatfox,DOMAIN,config.cove-post.xyz,"win.revstealer, domain",n/a
2026-08-01,threatfox,DOMAIN,lwyxxg.g-fitathletics.com,"js.clearfake, domain",n/a
2026-07-31,tweetfeed,URL,http://23x32x3x2.pages.dev,phishing,https://x.com/skocherhan/status/2083140267175997546
2026-07-31,tweetfeed,URL,http://truexarchetypalkz-f5h0d2f3g8hgegef.z03.azurefd.net,phishing,https://x.com/skocherhan/status/2083140688233783377
2026-07-31,threatfox,HASH_SHA256,439a03653b8f93d80b15335d49f0937d0f395b803bbf60d6ed31b968816dad39,"win.netwire, sha256_hash",n/a
2026-07-31,threatfox,HASH_SHA256,e3144c24d2eefa8b88c9723c91217f57fb29114a9dbc1ff5f2b0fb4a0183a520,"win.netwire, sha256_hash",n/a
2026-07-31,threatfox,HASH_SHA256,a6f0cbcb7f2c1d46f27fa4d84c18718e77a7151d25933e62073231a08383a012,"py.stealler, sha256_hash",n/a
2026-07-31,threatfox,HASH_SHA256,10aa22f1c88b690399fa6cfe6f6f7bc1ed49d153313585fc5520621f160b64ce,"elf.kuiper, sha256_hash",n/a
2026-07-31,threatfox,HASH_SHA256,fa4b30b7cc5b13ed11c7658dd3ce4f2f2e7d3488c95f0a728d11a3186d6a4671,"win.remotex, sha256_hash",n/a
2026-07-31,threatfox,HASH_SHA256,245f0ee939fa4068c7ac66b51a51f845e1cc8070ee76e21aedf57be7b087ef9c,"elf.kuiper, sha256_hash",n/a
2026-07-31,threatfox,HASH_SHA256,4c3084e6f337e867f335f4b04937350f150e82888f391ca63427f8eafa76c978,"elf.kuiper, sha256_hash",n/a
2026-07-31,threatfox,HASH_SHA256,dea0649857c76ceabba2ac3ecb1aa5960e92f1a5ef80b385a75903aa7edd2c3d,"win.asyncrat, sha256_hash",n/a
2026-07-31,threatfox,HASH_SHA256,46038f8f6f10cbee2ea6654ab97a7664365087b7b86bb3ee783ae0428a411eb4,"win.asyncrat, sha256_hash",n/a
2026-07-31,threatfox,HASH_SHA256,5f1146ec4c1130cd64af934de2687d6dc78330b3bc6c8486deb39b9305b10d72,"elf.kuiper, sha256_hash",n/a
2026-07-31,threatfox,HASH_SHA256,74eb42416b47c082fc867764b577ceac6f1bd68e192695d79a9e48a7bd3fdd69,"win.formbook, sha256_hash",n/a
2026-07-31,threatfox,HASH_SHA256,b8e46b0ece6c02f2b6069a9cbe9686ce595d7ca59494214cc6d6ebaa9b5d072a,"elf.kuiper, sha256_hash",n/a
2026-07-31,threatfox,HASH_SHA256,2da611af6f3cad9f6829a476cfd47b8c4fd54e814024517da3aab2e4a81643b0,"win.valley_rat, sha256_hash",n/a
2026-07-31,threatfox,HASH_SHA256,ec0078d806fcb7b0ef538a51ae03217888ce1bd3e96a73beceecc2c12675d77d,"win.vidar, sha256_hash",n/a
2026-07-31,threatfox,HASH_SHA256,9885939da17f13c0dbb0973bb0f8393f6170a8273da18bc7c31d9f88645985ce,"win.coinminer, sha256_hash",n/a
2026-07-31,threatfox,HASH_SHA256,3c8c1d7684efd4edf61207179a7893ecea46dc49a26eed378f5197a5340182c3,"elf.kuiper, sha256_hash",n/a
2026-07-31,threatfox,HASH_SHA256,20dcf6d45f17d62279183276675ea33876e6846d3fdc09285e78e9819882b97e,"win.coinminer, sha256_hash",n/a
2026-07-31,threatfox,HASH_SHA256,fd9dec7ac8b45ddebec3fa88dfa1758afedcbe530d1a824c3857fc77fe3ffd69,"elf.kuiper, sha256_hash",n/a
2026-07-31,threatfox,HASH_SHA256,25ec53399232a6fd978e3d85ce0d5a9e987c933fadace4ab638f290acd00fd04,"win.salatstealer, sha256_hash",n/a
2026-07-31,threatfox,HASH_SHA256,537dea2679e48b347b6bc905d2eb17b4dde6855cf82bcea4ec5486f2c221346f,"win.salatstealer, sha256_hash",n/a
2026-07-31,threatfox,HASH_SHA256,5e58a0e0b4ab711349370567728293cf6e732870aa9ea9def6ae5b59ca7322c3,"win.salatstealer, sha256_hash",n/a
2026-07-31,threatfox,HASH_SHA256,0db05388d762bff931351ac2d599ca1d2bb216198754cda6d275b07709c50766,"elf.kuiper, sha256_hash",n/a
2026-07-31,threatfox,HASH_SHA256,49b46e61efe06551f1d58edf4b33d275f32aab64978a826d4620f5340ac6fc2a,"py.venus_stealer, sha256_hash",n/a
2026-07-31,threatfox,HASH_SHA256,8a46d5ea2d20041fc3f1f2f9ab60e46247f96acac0677e66255cd563eda1c4b3,"win.stealc, sha256_hash",n/a
2026-07-31,threatfox,HASH_SHA256,9d0690fac5168a38b4dfc77289e53ffbb1b87219b27390a5d4a11e303c307823,"win.stealc, sha256_hash",n/a
2026-07-31,threatfox,HASH_SHA256,dda624c840fa96b71a6624d281fc84bc6bc70a7a550d96072bada7419a9a86ee,"elf.kuiper, sha256_hash",n/a
2026-07-31,threatfox,HASH_SHA256,84e0669351cdf4ce4006082749c8810219134c1d332f2b226697c5ed00f3c04c,"win.stealc, sha256_hash",n/a
2026-07-31,threatfox,HASH_SHA256,3e1b1fe0edaa2aa1cd743646f41354eaaf7eaf54d47a416f141ba9f9320024fd,"win.formbook, sha256_hash",n/a
2026-07-31,threatfox,HASH_SHA256,c25329116a57d51912ec241ca8b581a5c7cc01b729e40492abe5fc48720586a1,"win.tofsee, sha256_hash",n/a
2026-07-31,threatfox,HASH_SHA256,c05581c54fb2e63ab1b6d0c8957d24fbcbc0e094339bc02838b50b3f72dddeff,"py.rn_stealer, sha256_hash",n/a
2026-07-31,threatfox,HASH_SHA256,b76b2e67f36e85e2c7a2e6904ed92550991fd14743c3a004d8cf2a797d9c72f5,"elf.kuiper, sha256_hash",n/a
2026-07-31,threatfox,HASH_SHA256,ad21776ed177bd75e1771cf39efbf97f0d1c4d809f7bf5c93e2d14f6317b0999,"elf.kuiper, sha256_hash",n/a
2026-07-31,threatfox,HASH_SHA256,eaebbaf4e6affb72d0979fb50e61538cfb2f24f61b9c8157862f124f761465d9,"py.venus_stealer, sha256_hash",n/a
2026-07-31,threatfox,HASH_SHA256,a477f89d63408f5ada9698388e4348c65611c81efe19681772e7354d64c2d3ed,"jar.crossrat, sha256_hash",n/a
2026-07-31,threatfox,HASH_SHA256,38027ca6afc21bd734d86e96b8d3c6016e5afff6d8139b777cb55825a92f8f15,"jar.crossrat, sha256_hash",n/a
2026-07-31,threatfox,HASH_SHA256,76b2713b63e443c83a23794087f2cad4b7588e78b0afa9a0fc276dd5de65a226,"elf.kuiper, sha256_hash",n/a
2026-07-31,threatfox,HASH_SHA256,2aab00defb69f62ea24fcf2d2afc85750e1e24bc67a6e2fed6166438dfc1172d,"elf.kuiper, sha256_hash",n/a
2026-07-31,threatfox,HASH_SHA256,79cab94e4ca816acbb4068254adaac761f16f8a6e4796408c77840235e5890ee,"win.wannacryptor, sha256_hash",n/a
2026-07-31,threatfox,HASH_SHA256,ca116b3d7caea85d448cc674087381d06902d80f2d2842e8dc22cd4b266379b5,"win.coinminer, sha256_hash",n/a
2026-07-31,threatfox,HASH_SHA256,58b16700b8a3b8f0db2fb2e14b8c3e835270111518e67239b373a81ffd265b9a,"win.valley_rat, sha256_hash",n/a
2026-07-31,threatfox,HASH_SHA256,c2ae41bff71b9d5dd6d5845f1cda894729f406db9501c3afca402420b91515c0,"elf.kuiper, sha256_hash",n/a
2026-07-31,threatfox,HASH_SHA256,8489605870dd2735a8298cbb05db98cc6dc1d49e30caf3aa7d3260cc8fecdead,"win.wannacryptor, sha256_hash",n/a
2026-07-31,threatfox,HASH_SHA256,8cd988e1f749a5e008128df6f2b7da55c2760fbcdf414f26260331db723e6a15,"elf.kuiper, sha256_hash",n/a
2026-07-31,threatfox,HASH_SHA256,c50a08b67bbe92e4afae7bb28b33af820001aa384ee82ad1a88e16d623c14e6d,"win.vidar, sha256_hash",n/a
2026-07-31,threatfox,HASH_SHA256,c076437d6a30f394ea3f97331987884228703b350026da16337e7c1b4d740b66,"win.vidar, sha256_hash",n/a
2026-07-31,threatfox,HASH_SHA256,b2388fb3fedb1d62f7a6cd1719613b5f298c56e677de981f339550a6b7a3daf3,"win.vidar, sha256_hash",n/a
2026-07-31,threatfox,HASH_SHA256,589e46d07f1239dd6b8b07a00d5739279648863d9cc78ced1a05fb034fc16122,"win.nanocore, sha256_hash",n/a
2026-07-31,threatfox,HASH_SHA256,93f1112efb938edee0b52aa69c28303d99b489ec0d785af553250478546ec647,"win.wannacryptor, sha256_hash",n/a
2026-07-31,threatfox,HASH_SHA256,ed1d3f69fbbd5576c2ed8dba45ba22c4f6884eb311d4f6e389203846d512ec11,"win.eddiestealer, sha256_hash",n/a
2026-07-31,threatfox,HASH_SHA256,4bb4b92b54c8ecd1db145f986e9725e9d327713cd9262dbe010318afd6af8137,"elf.kuiper, sha256_hash",n/a
2026-07-31,threatfox,HASH_SHA256,05be5a8131993a5034bc4a57963f0c8860aeb3188dd906ed78d95439d15d813e,"win.wannacryptor, sha256_hash",n/a
2026-07-31,threatfox,HASH_SHA256,2670c97b169e77527f6db4726e58db1c95926c35b56e292c0a3a975dd6656cb8,"elf.kuiper, sha256_hash",n/a
2026-07-31,threatfox,HASH_SHA256,dcc4899e3c3a30ba66cb03b92ff74755338f422f4ba47f1060a9503dde31fdfd,"elf.kuiper, sha256_hash",n/a
2026-07-31,threatfox,HASH_SHA256,a4b32f5f53a64195ee0cea0ea67a51799d90b25e761f0fec8d38b81e75b8a3c1,"elf.kuiper, sha256_hash",n/a
2026-07-31,threatfox,HASH_SHA256,267929de47e2793196c699ad50a7f789795100bc063c0d1f1ae22e83f4c65a93,"elf.kuiper, sha256_hash",n/a
2026-07-31,threatfox,HASH_SHA256,c7b43ba65c93416885aac3f8dd532d867781119f56552316ba1a24ece5f1c66e,"win.vidar, sha256_hash",n/a
2026-07-31,threatfox,HASH_SHA256,868f688f5c9300df03eeda85f23885c504d35717ce5a3fde77d69f34e72b6b50,"win.formbook, sha256_hash",n/a
2026-07-31,threatfox,HASH_SHA256,0cc87edf5dd17fe02cb5fa8925087374dde0f3a2de206f726f2c98d2f193f6c3,"win.guidloader, sha256_hash",n/a
2026-07-31,tweetfeed,URL,https://8.190.205.92.host.secureserver.net,n/a,https://x.com/JAMESWT_WT/status/2083168480220598569
2026-07-31,tweetfeed,URL,http://000games.com,n/a,https://x.com/webamon_search/status/2083168754926546970
2026-07-31,tweetfeed,URL,http://github.com/t1-317,stealer,https://x.com/suyog41/status/2083171103359611301
2026-07-31,tweetfeed,URL,https://pdf-bro.lat/files/,n/a,https://x.com/JAMESWT_WT/status/2083178848531677286
2026-07-31,tweetfeed,URL,https://nfe.boletos-notas.com,opendir,https://x.com/JAMESWT_WT/status/2083181716579971529
2026-07-31,tweetfeed,URL,https://nfe.boletos-notas.com/files/nfe.boletos-notas.com/fcd598f9c282fd5b/Nota_-SZESAW.zip,opendir,https://x.com/JAMESWT_WT/status/2083181716579971529
2026-07-31,tweetfeed,URL,https://nfe.boletos-notas.com/files,opendir,https://x.com/JAMESWT_WT/status/2083181716579971529
2026-07-31,tweetfeed,URL,https://galaxytx.com/page/gvtsvqqvag,phishing,https://x.com/harugasumi/status/2083184770553618484
2026-07-31,tweetfeed,URL,https://apxjjqtsxsf.top/jp,phishing,https://x.com/harugasumi/status/2083184770553618484
2026-07-31,tweetfeed,URL,http://login.microsoftonline.com/common/oauth2/v2.0/authorize?scope=openid&prompt=none&client_id=<malicious_clientID>&state=<userEmail,"AiTM, phishing",https://x.com/Kb4Threatlabs/status/2083189200493724156
2026-07-31,tweetfeed,URL,http://bruedergemeinde-schwarzenberg.de,n/a,https://x.com/Kb4Threatlabs/status/2083189203773649137
2026-07-31,tweetfeed,URL,http://cloudplatinumdrive.com,n/a,https://x.com/Kb4Threatlabs/status/2083189203773649137
2026-07-31,tweetfeed,URL,http://unitedstatesdressagefedercvgation.vu,n/a,https://x.com/Kb4Threatlabs/status/2083189203773649137
2026-07-31,tweetfeed,URL,http://rebvomaxpremier.vu,n/a,https://x.com/Kb4Threatlabs/status/2083189203773649137
2026-07-31,tweetfeed,URL,http://sharepoint-site0456.futureinsight.icu,n/a,https://x.com/Kb4Threatlabs/status/2083189203773649137
2026-07-31,tweetfeed,URL,http://rpmstitutfi.vu,n/a,https://x.com/Kb4Threatlabs/status/2083189203773649137
2026-07-31,tweetfeed,URL,http://kstergmbuuzh.vu,n/a,https://x.com/Kb4Threatlabs/status/2083189203773649137
2026-07-31,tweetfeed,URL,http://remaxadvisdbgors.vu,n/a,https://x.com/Kb4Threatlabs/status/2083189203773649137
2026-07-31,tweetfeed,URL,http://advantageously821.promotix.com.de,n/a,https://x.com/Kb4Threatlabs/status/2083189203773649137
2026-07-31,tweetfeed,URL,http://gammax6w3dkfdjfrjthtmqzsioue52vzy6lz54qy6jcvmogfpubutjyd.onion,ransomware,https://x.com/fbgwls245/status/2083190005493837955
2026-07-31,tweetfeed,URL,https://abreathofzen.com,"ClickFix, malware",https://x.com/Malwarehunterr/status/2083212978019877127
2026-07-31,tweetfeed,URL,https://abreathofzen.com/cap/,"ClickFix, malware",https://x.com/Malwarehunterr/status/2083212978019877127
2026-07-31,tweetfeed,URL,http://akxstudio.es/speakexclude/fabricwing,"ClickFix, malware",https://x.com/Malwarehunterr/status/2083212978019877127
2026-07-31,tweetfeed,URL,http://akxstudio.es/speakexclude/catalogbrief,"ClickFix, malware",https://x.com/Malwarehunterr/status/2083212978019877127
2026-07-31,tweetfeed,URL,https://md.qihqob.com/ngx(2)/ngx(2)/ngx(2)/ngx(2)/ngx(1)/ngx/,phishing,https://x.com/patialavii/status/2083234341552021853
2026-07-31,tweetfeed,URL,https://moldinspectionservice.screenconnect.com/Bin/ScreenConnect.ClientSetup.msi,phishing,https://x.com/patialavii/status/2083234341552021853
2026-07-31,tweetfeed,URL,http://office365.statichost.page,phishing,https://x.com/phishunt_io/status/2083236461562712497
2026-07-31,tweetfeed,URL,https://fortuneventures.net.in/za/income/,phishing,https://x.com/patialavii/status/2083236220252123403
2026-07-31,tweetfeed,URL,https://fortuneventures.net.in/za/income/download.php,phishing,https://x.com/patialavii/status/2083236220252123403
2026-07-31,tweetfeed,URL,http://login-bankofengland.com,n/a,https://x.com/webamon_search/status/2083239762882683222
2026-07-31,tweetfeed,URL,http://bnk-england.com,n/a,https://x.com/webamon_search/status/2083239762882683222
2026-07-31,tweetfeed,URL,http://designwebc.com,n/a,https://x.com/skocherhan/status/2083306614505783584
2026-08-01,tweetfeed,URL,https://mu-hiqwnkesad.com/pc_0010021312/sp_001239u1923/login/loginUsername,phishing,https://x.com/kubotaa3/status/2083367233183715611
2026-08-01,tweetfeed,URL,http://eliece.vip,scam,https://x.com/Azzzzng71/status/2083405583823126654
2026-08-01,tweetfeed,URL,https://am.zzusxwjp018.shop/7ZVIj1,phishing,https://x.com/masaomi346/status/2083411892882837950
2026-08-01,tweetfeed,URL,http://eliice.com,scam,https://x.com/Azzzzng71/status/2083419281597849775
2026-08-01,tweetfeed,URL,http://facebookloginnp.blogspot.com/?m=1,phishing,https://x.com/phishunt_io/status/2083447808774864960
2026-07-31,tweetfeed,DOMAIN,23x32x3x2.pages.dev,phishing,https://x.com/skocherhan/status/2083140267175997546
2026-07-31,tweetfeed,DOMAIN,truexarchetypalkz-f5h0d2f3g8hgegef.z03.azurefd.net,phishing,https://x.com/skocherhan/status/2083140688233783377
2026-07-31,threatfox,HASH_MD5,db967abae63200065e22c95bbc1fe380,"win.netwire, md5_hash",n/a
2026-07-31,threatfox,HASH_MD5,d87b97d9015ba00ef095398f7fbfe4a0,"win.netwire, md5_hash",n/a
2026-07-31,threatfox,HASH_MD5,511f859cacc58d37186eb3262362ce4b,"py.stealler, md5_hash",n/a
2026-07-31,threatfox,HASH_MD5,de225ab0dac2c90346c919c55e5e5bf5,"elf.kuiper, md5_hash",n/a
2026-07-31,threatfox,HASH_MD5,910f7ad5d25665e50980e7c2b8fe7c7c,"win.remotex, md5_hash",n/a
2026-07-31,threatfox,HASH_MD5,b60a0a174d96173628384a06b96654de,"elf.kuiper, md5_hash",n/a
2026-07-31,threatfox,HASH_MD5,f2e641d14aaff8fa4872a157d9d1be82,"win.ghost_rat, md5_hash",n/a
2026-07-31,threatfox,HASH_MD5,29e642bacb450b90b4d54e26ec5fb5d7,"elf.kuiper, md5_hash",n/a
2026-07-31,threatfox,HASH_MD5,962f8ccbacdfda078a35a1eb6dbcc11b,"win.asyncrat, md5_hash",n/a
2026-07-31,threatfox,HASH_MD5,d5a1c25a0d94a939935412058154c8ef,"win.asyncrat, md5_hash",n/a
2026-07-31,threatfox,HASH_MD5,dd79f535f6108df5bea9c3b2be064a09,"elf.kuiper, md5_hash",n/a
2026-07-31,threatfox,HASH_MD5,aa1b178ea8f756e209b05880cfac8bbe,"win.valley_rat, md5_hash",n/a
2026-07-31,threatfox,HASH_MD5,2d5137f186bd8f99e610367e7bab3631,"win.formbook, md5_hash",n/a
2026-07-31,threatfox,HASH_MD5,4be121d6585848c9bd316f1aad94e383,"elf.kuiper, md5_hash",n/a
2026-07-31,threatfox,HASH_MD5,bf8ec2994ca75d5e09c66a0fc740459e,"win.vidar, md5_hash",n/a
2026-07-31,threatfox,HASH_MD5,baff942fdabd6c068b3e941dd29fddad,"elf.kuiper, md5_hash",n/a
2026-07-31,threatfox,HASH_MD5,77eb919ac3707bc58f178057a2c27a05,"win.coinminer, md5_hash",n/a
2026-07-31,threatfox,HASH_MD5,d19f7abd0cc5a63ac3683b495413d03b,"win.coinminer, md5_hash",n/a
2026-07-31,threatfox,HASH_MD5,09375c774e2c0785466db442c4cbe5ff,"elf.kuiper, md5_hash",n/a
2026-07-31,threatfox,HASH_MD5,673cc6c6cdde3fdfaaf3c7065806e8d4,"win.salatstealer, md5_hash",n/a
2026-07-31,threatfox,HASH_MD5,a7592e13d17ebc6d2a8ceeeb3d0ce542,"win.salatstealer, md5_hash",n/a
2026-07-31,threatfox,HASH_MD5,1f6b88a1a6859c4bc2969541334d12cb,"win.salatstealer, md5_hash",n/a
2026-07-31,threatfox,HASH_MD5,4702c86ebed92f094e46ea41587d8690,"py.venus_stealer, md5_hash",n/a
2026-07-31,threatfox,HASH_MD5,0f887952dc5252c713f141b8ff1f8070,"elf.kuiper, md5_hash",n/a
2026-07-31,threatfox,HASH_MD5,b279d0bc4e1d35c563090460c238b62e,"win.stealc, md5_hash",n/a
2026-07-31,threatfox,HASH_MD5,60c79d4f5eb60869d75d32c576428b01,"win.stealc, md5_hash",n/a
2026-07-31,threatfox,HASH_MD5,7cadab0830e2c88048173e15bfc93495,"elf.kuiper, md5_hash",n/a
2026-07-31,threatfox,HASH_MD5,aaea22c0545af555ecf5357c0bfcc18c,"win.stealc, md5_hash",n/a
2026-07-31,threatfox,HASH_MD5,9333bb34844a2579ea99b40edd82e3fd,"win.formbook, md5_hash",n/a
2026-07-31,threatfox,HASH_MD5,59d51adf0215f34c0c2ff9b99024b15a,"win.tofsee, md5_hash",n/a
2026-07-31,threatfox,HASH_MD5,9188e2a2bc5f9e23dfb62cff8589ae64,"py.rn_stealer, md5_hash",n/a
2026-07-31,threatfox,HASH_MD5,13f89f5fb5faf8264685bf74930608c6,"elf.kuiper, md5_hash",n/a
2026-07-31,threatfox,HASH_MD5,74e56d0afa0ab0b7cc138edfaee2c792,"elf.kuiper, md5_hash",n/a
2026-07-31,threatfox,HASH_MD5,6d5e0258501cbce5abc822c762a4906a,"py.venus_stealer, md5_hash",n/a
2026-07-31,threatfox,HASH_MD5,1c1f469d72d082fb956ca88133d8d8db,"jar.crossrat, md5_hash",n/a
2026-07-31,threatfox,HASH_MD5,1314f9049217e0871f8979cf33b1ac63,"jar.crossrat, md5_hash",n/a
2026-07-31,threatfox,HASH_MD5,c3752c08eb40761569cc7c4a90485320,"elf.kuiper, md5_hash",n/a
2026-07-31,threatfox,HASH_MD5,e3e025e96594d5b774b54e8859f9dc04,"elf.kuiper, md5_hash",n/a
2026-07-31,threatfox,HASH_MD5,edc0d904974de3d03e654e98d24bfe9e,"win.wannacryptor, md5_hash",n/a
2026-07-31,threatfox,HASH_MD5,d24420d2f8ffbb8cec06376b9548ca1b,"win.coinminer, md5_hash",n/a
2026-07-31,threatfox,HASH_MD5,8f93aa8aa04ca6c13477542655cdb74b,"win.valley_rat, md5_hash",n/a
2026-07-31,threatfox,HASH_MD5,8f8fc068a9464e9b3d7f052ef53ea5ec,"elf.kuiper, md5_hash",n/a
2026-07-31,threatfox,HASH_MD5,2743ee280188d4250ab5aa6528a20448,"win.wannacryptor, md5_hash",n/a
2026-07-31,threatfox,HASH_MD5,326177e27aef5d34b2ae4d5c9935be62,"elf.kuiper, md5_hash",n/a
2026-07-31,threatfox,HASH_MD5,25ce92092fefdcff7acde8689c4cfd8c,"win.vidar, md5_hash",n/a
2026-07-31,threatfox,HASH_MD5,33949eaabd8ab52d2bc39a1b21ea3dc2,"win.vidar, md5_hash",n/a
2026-07-31,threatfox,HASH_MD5,fdd4f264cbeaf1e092a6f6b4932d56da,"win.vidar, md5_hash",n/a
2026-07-31,threatfox,HASH_MD5,da3635d346d58158cb0e09addd12f5b2,"win.nanocore, md5_hash",n/a
2026-07-31,threatfox,HASH_MD5,e3ebd1db429e9ec95e75b8daaf43e2b3,"win.wannacryptor, md5_hash",n/a
2026-07-31,threatfox,HASH_MD5,2cfaefe80e05fe0f093cf5c382d7c77f,"win.eddiestealer, md5_hash",n/a
2026-07-31,threatfox,HASH_MD5,d310c9820dcc8e5badcba6b05c5b16f1,"elf.kuiper, md5_hash",n/a
2026-07-31,threatfox,HASH_MD5,7955f6409c9e6669fcd5e3a0a293bc21,"win.wannacryptor, md5_hash",n/a
2026-07-31,threatfox,HASH_MD5,e35810ed86789ee1d511550578dc81ec,"elf.kuiper, md5_hash",n/a
2026-07-31,threatfox,HASH_MD5,41ac69b68fdbd435885f881abfe1587c,"elf.kuiper, md5_hash",n/a
2026-07-31,threatfox,HASH_MD5,15e99852c1be5de518692e7fed8b5966,"elf.kuiper, md5_hash",n/a
2026-07-31,threatfox,HASH_MD5,25dfdfba8052af91b84a0cd8fcb4794f,"elf.kuiper, md5_hash",n/a
2026-07-31,threatfox,HASH_MD5,46728635055a3584456bc1179cabbcac,"win.vidar, md5_hash",n/a
2026-07-31,threatfox,HASH_MD5,4200ea00cb9c8382dbce6943f64e7127,"win.formbook, md5_hash",n/a
2026-07-31,threatfox,HASH_MD5,7537d649c3ec62d6de4f4397639abe9d,"win.guidloader, md5_hash",n/a
2026-07-31,tweetfeed,DOMAIN,8.190.205.92.host.secureserver.net,n/a,https://x.com/JAMESWT_WT/status/2083168480220598569
2026-07-31,tweetfeed,DOMAIN,000games.com,n/a,https://x.com/webamon_search/status/2083168754926546970
2026-07-31,tweetfeed,DOMAIN,pdf-bro.lat,n/a,https://x.com/JAMESWT_WT/status/2083178848531677286
2026-07-31,tweetfeed,DOMAIN,nfe.boletos-notas.com,opendir,https://x.com/JAMESWT_WT/status/2083181716579971529
2026-07-31,tweetfeed,DOMAIN,galaxytx.com,phishing,https://x.com/harugasumi/status/2083184770553618484
2026-07-31,tweetfeed,DOMAIN,apxjjqtsxsf.top,phishing,https://x.com/harugasumi/status/2083184770553618484
2026-07-31,tweetfeed,DOMAIN,bruedergemeinde-schwarzenberg.de,n/a,https://x.com/Kb4Threatlabs/status/2083189203773649137
2026-07-31,tweetfeed,DOMAIN,cloudplatinumdrive.com,n/a,https://x.com/Kb4Threatlabs/status/2083189203773649137
2026-07-31,tweetfeed,DOMAIN,unitedstatesdressagefedercvgation.vu,n/a,https://x.com/Kb4Threatlabs/status/2083189203773649137
2026-07-31,tweetfeed,DOMAIN,rebvomaxpremier.vu,n/a,https://x.com/Kb4Threatlabs/status/2083189203773649137
2026-07-31,tweetfeed,DOMAIN,sharepoint-site0456.futureinsight.icu,n/a,https://x.com/Kb4Threatlabs/status/2083189203773649137
2026-07-31,tweetfeed,DOMAIN,rpmstitutfi.vu,n/a,https://x.com/Kb4Threatlabs/status/2083189203773649137
2026-07-31,tweetfeed,DOMAIN,kstergmbuuzh.vu,n/a,https://x.com/Kb4Threatlabs/status/2083189203773649137
2026-07-31,tweetfeed,DOMAIN,remaxadvisdbgors.vu,n/a,https://x.com/Kb4Threatlabs/status/2083189203773649137
2026-07-31,tweetfeed,DOMAIN,advantageously821.promotix.com.de,n/a,https://x.com/Kb4Threatlabs/status/2083189203773649137
2026-07-31,tweetfeed,DOMAIN,gammax6w3dkfdjfrjthtmqzsioue52vzy6lz54qy6jcvmogfpubutjyd.onion,ransomware,https://x.com/fbgwls245/status/2083190005493837955
2026-07-31,tweetfeed,DOMAIN,abreathofzen.com,"ClickFix, malware",https://x.com/Malwarehunterr/status/2083212978019877127
2026-07-31,tweetfeed,DOMAIN,akxstudio.es,"ClickFix, malware",https://x.com/Malwarehunterr/status/2083212978019877127
2026-07-31,tweetfeed,DOMAIN,md.qihqob.com,phishing,https://x.com/patialavii/status/2083234341552021853
2026-07-31,tweetfeed,DOMAIN,moldinspectionservice.screenconnect.com,phishing,https://x.com/patialavii/status/2083234341552021853
2026-07-31,tweetfeed,DOMAIN,office365.statichost.page,phishing,https://x.com/phishunt_io/status/2083236461562712497
2026-07-31,tweetfeed,DOMAIN,fortuneventures.net.in,phishing,https://x.com/patialavii/status/2083236220252123403
2026-07-31,tweetfeed,DOMAIN,login-bankofengland.com,n/a,https://x.com/webamon_search/status/2083239762882683222
2026-07-31,tweetfeed,DOMAIN,bnk-england.com,n/a,https://x.com/webamon_search/status/2083239762882683222
2026-07-31,tweetfeed,DOMAIN,designwebc.com,n/a,https://x.com/skocherhan/status/2083306614505783584
2026-08-01,tweetfeed,DOMAIN,mu-hiqwnkesad.com,phishing,https://x.com/kubotaa3/status/2083367233183715611
2026-08-01,tweetfeed,DOMAIN,eliece.vip,scam,https://x.com/Azzzzng71/status/2083405583823126654
2026-08-01,tweetfeed,DOMAIN,am.zzusxwjp018.shop,phishing,https://x.com/masaomi346/status/2083411892882837950
2026-08-01,tweetfeed,DOMAIN,eliice.com,scam,https://x.com/Azzzzng71/status/2083419281597849775
2026-08-01,tweetfeed,DOMAIN,facebookloginnp.blogspot.com,phishing,https://x.com/phishunt_io/status/2083447808774864960
2026-07-31,tweetfeed,IP,209.99.190.66,phishing,https://x.com/phishunt_io/status/2083160968608071843
2026-07-31,tweetfeed,IP,1.9.117.13,n/a,https://x.com/teamcymru_S2/status/2083166104537473177
2026-07-31,tweetfeed,IP,100.58.181.19,n/a,https://x.com/teamcymru_S2/status/2083166104537473177
2026-07-31,tweetfeed,IP,103.117.100.117,n/a,https://x.com/teamcymru_S2/status/2083166104537473177
2026-07-31,tweetfeed,IP,103.24.13.72,n/a,https://x.com/teamcymru_S2/status/2083166104537473177
2026-07-31,tweetfeed,IP,103.57.248.202,n/a,https://x.com/teamcymru_S2/status/2083166104537473177
2026-07-31,tweetfeed,IP,103.57.248.242,n/a,https://x.com/teamcymru_S2/status/2083166104537473177
2026-07-31,tweetfeed,IP,103.57.248.42,n/a,https://x.com/teamcymru_S2/status/2083166104537473177
2026-07-31,tweetfeed,IP,103.57.248.81,n/a,https://x.com/teamcymru_S2/status/2083166104537473177
2026-07-31,tweetfeed,IP,8.190.205.92,n/a,https://x.com/JAMESWT_WT/status/2083168480220598569
2026-07-31,tweetfeed,HASH_SHA256,169586b6eb36b17520ef5afd206da86c4de89eb01d6294ba9631414271ba752f,n/a,https://x.com/momomopas/status/2083206761155305483
2026-07-31,tweetfeed,HASH_SHA256,77844c3dabd0a9a1d9202da44a716df8d47d55fe86215f39c1eb00cfcc78f0a0,"ClickFix, malware",https://x.com/Malwarehunterr/status/2083212978019877127
2026-07-31,tweetfeed,HASH_SHA256,19056def396417054344b132f421eee153e0c4adb62259d96b54387edc515110,"ClickFix, malware",https://x.com/Malwarehunterr/status/2083212978019877127
2026-07-31,tweetfeed,HASH_SHA256,1463ee81c013720b4fc4dab54febf04b57da7b6574ad755e97c9e18f4016e90b,phishing,https://x.com/patialavii/status/2083234341552021853
2026-07-31,tweetfeed,IP,46.225.58.80,phishing,https://x.com/phishunt_io/status/2083236461562712497
2026-07-31,tweetfeed,HASH_SHA256,8f0733cb233f47e22c408939c15a83c72bf97e9362bf76344192d3f7ee9d97df,phishing,https://x.com/patialavii/status/2083236220252123403
2026-07-31,tweetfeed,HASH_SHA256,0e1fcb0e29c132819fcb2a3f2aa188a398c96be5e1919266ae95a8ee99986347,n/a,https://x.com/Dixit_404/status/2083064663592616054
2026-07-31,tweetfeed,HASH_SHA256,44dc1939dcaea681f5c39ed6f5f81a80ca5f59e72be7f938ac3afe5adb484042,n/a,https://x.com/Dixit_404/status/2083064663592616054
2026-07-31,tweetfeed,IP,31.97.137.157,n/a,https://x.com/banthisguy9349/status/2083280643295707376
2026-08-01,tweetfeed,IP,192.238.160.133,phishing,https://x.com/kubotaa3/status/2083367233183715611
2026-08-01,tweetfeed,HASH_SHA256,be99857449d2856dd5a84e21c8a3d5e0e01456adb44062ddec5a6b4970d8d42c,malware,https://x.com/UK_Daniel_Card/status/2083414792220348665
2026-08-01,tweetfeed,HASH_SHA256,918fa52ae45ed60ba7cc8bdc99c3cbe9ab92e0375ec31fc05d0d4513be11c593,malware,https://x.com/UK_Daniel_Card/status/2083414792220348665
2026-07-31,tweetfeed,HASH_MD5,626ac95b5696a74dc8b8f2f78625ade3,stealer,https://x.com/suyog41/status/2083171103359611301
2026-07-31,tweetfeed,HASH_MD5,0b3f70ad32a10611d8e146b5b889b08c,n/a,https://x.com/skocherhan/status/2083306614505783584
2026-07-31,tweetfeed,HASH_MD5,73ba4b5a87b3dbd88fc4592aa488b83e,n/a,https://x.com/skocherhan/status/2083306614505783584
